GEOID,NAME,region,LON,LAT,ISO3
10100,Aberdeen, SD,-98.7,45.52,USA
10140,Aberdeen, WA,-123.77,47.15,USA
10180,Abilene, TX,-99.72,32.45,USA
10220,Ada, OK,-96.68,34.73,USA
10260,Adjuntas, PR,-66.75,18.18,USA
10300,Adrian, MI,-84.07,41.9,USA
10380,Aguadilla-Isabela, PR,-66.95,18.34,USA
10420,Akron, OH,-81.35,41.15,USA
10460,Alamogordo, NM,-105.74,32.61,USA
10500,Albany, GA,-84.17,31.59,USA
10540,Albany, OR,-122.53,44.49,USA
10580,Albany-Schenectady-Troy, NY,-73.94,42.79,USA
10620,Albemarle, NC,-80.25,35.31,USA
10660,Albert Lea, MN,-93.35,43.67,USA
10700,Albertville, AL,-86.31,34.37,USA
10740,Albuquerque, NM,-106.47,35.12,USA
10780,Alexandria, LA,-92.54,31.33,USA
10820,Alexandria, MN,-95.45,45.93,USA
10860,Alice, TX,-98.09,27.73,USA
10900,Allentown-Bethlehem-Easton, PA-NJ,-75.4,40.79,USA
10940,Alma, MI,-84.6,43.29,USA
10980,Alpena, MI,-83.62,45.04,USA
11020,Altoona, PA,-78.35,40.48,USA
11060,Altus, OK,-99.41,34.59,USA
11100,Amarillo, TX,-101.91,35.25,USA
11140,Americus, GA,-84.23,32.1,USA
11180,Ames, IA,-93.47,42.04,USA
11220,Amsterdam, NY,-74.44,42.9,USA
11260,Anchorage, AK,-149.54,62.24,USA
11380,Andrews, TX,-102.64,32.31,USA
11420,Angola, IN,-85,41.64,USA
11460,Ann Arbor, MI,-83.84,42.25,USA
11500,Anniston-Oxford-Jacksonville, AL,-85.83,33.77,USA
11540,Appleton, WI,-88.37,44.29,USA
11580,Arcadia, FL,-81.81,27.19,USA
11620,Ardmore, OK,-97.29,34.25,USA
11640,Arecibo, PR,-66.76,18.41,USA
11660,Arkadelphia, AR,-93.18,34.05,USA
11680,Arkansas City-Winfield, KS,-96.84,37.24,USA
11700,Asheville, NC,-82.68,35.6,USA
11740,Ashland, OH,-82.27,40.85,USA
11780,Ashtabula, OH,-80.75,41.71,USA
11820,Astoria, OR,-123.66,46,USA
11860,Atchison, KS,-95.31,39.53,USA
11900,Athens, OH,-82.05,39.33,USA
11940,Athens, TN,-84.62,35.42,USA
11980,Athens, TX,-95.85,32.21,USA
12020,Athens-Clarke County, GA,-83.21,33.95,USA
12060,Atlanta-Sandy Springs-Roswell, GA,-84.4,33.69,USA
12100,Atlantic City-Hammonton, NJ,-74.66,39.48,USA
12140,Auburn, IN,-85,41.4,USA
12180,Auburn, NY,-76.55,42.92,USA
12220,Auburn-Opelika, AL,-85.36,32.6,USA
12260,Augusta-Richmond County, GA-SC,-81.98,33.46,USA
12300,Augusta-Waterville, ME,-69.77,44.41,USA
12380,Austin, MN,-92.75,43.67,USA
12420,Austin-Round Rock, TX,-97.65,30.26,USA
12460,Bainbridge, GA,-84.58,30.88,USA
12540,Bakersfield, CA,-118.73,35.34,USA
12580,Baltimore-Columbia-Towson, MD,-76.58,39.34,USA
12620,Bangor, ME,-68.65,45.4,USA
12660,Baraboo, WI,-89.95,43.43,USA
12680,Bardstown, KY,-85.47,37.81,USA
12700,Barnstable Town, MA,-70.29,41.72,USA
12740,Barre, VT,-72.61,44.27,USA
12780,Bartlesville, OK,-95.9,36.72,USA
12820,Bastrop, LA,-91.8,32.82,USA
12860,Batavia, NY,-78.19,43,USA
12900,Batesville, AR,-91.57,35.74,USA
12940,Baton Rouge, LA,-91.13,30.57,USA
12980,Battle Creek, MI,-85.01,42.25,USA
13020,Bay City, MI,-83.99,43.71,USA
13060,Bay City, TX,-95.98,28.86,USA
13100,Beatrice, NE,-96.69,40.26,USA
13140,Beaumont-Port Arthur, TX,-94.07,30.3,USA
13180,Beaver Dam, WI,-88.71,43.42,USA
13220,Beckley, WV,-81.16,37.91,USA
13260,Bedford, IN,-86.48,38.84,USA
13300,Beeville, TX,-97.74,28.42,USA
13340,Bellefontaine, OH,-83.77,40.39,USA
13380,Bellingham, WA,-121.72,48.83,USA
13420,Bemidji, MN,-94.94,47.97,USA
13460,Bend-Redmond, OR,-121.23,43.91,USA
13500,Bennettsville, SC,-79.68,34.6,USA
13540,Bennington, VT,-73.09,43.04,USA
13620,Berlin, NH-VT,-71.42,44.7,USA
13660,Big Rapids, MI,-85.32,43.64,USA
13700,Big Spring, TX,-101.48,32.09,USA
13720,Big Stone Gap, VA,-82.5,37.04,USA
13740,Billings, MT,-108.72,45.78,USA
13780,Binghamton, NY,-76.03,42.16,USA
13820,Birmingham-Hoover, AL,-86.81,33.46,USA
13900,Bismarck, ND,-100.99,46.73,USA
13940,Blackfoot, ID,-112.4,43.22,USA
13980,Blacksburg-Christiansburg-Radford, VA,-80.53,37.12,USA
14010,Bloomington, IL,-88.86,40.41,USA
14020,Bloomington, IN,-86.68,39.23,USA
14100,Bloomsburg-Berwick, PA,-76.46,41.04,USA
14140,Bluefield, WV-VA,-81.36,37.25,USA
14180,Blytheville, AR,-90.05,35.76,USA
14220,Bogalusa, LA,-90.04,30.85,USA
14260,Boise City, ID,-116.14,43.02,USA
14340,Boone, IA,-93.93,42.04,USA
14380,Boone, NC,-81.7,36.23,USA
14420,Borger, TX,-101.35,35.84,USA
14460,Boston-Cambridge-Newton, MA-NH,-71.1,42.56,USA
14500,Boulder, CO,-105.36,40.09,USA
14540,Bowling Green, KY,-86.41,37.04,USA
14580,Bozeman, MT,-111.17,45.54,USA
14620,Bradford, PA,-78.57,41.81,USA
14660,Brainerd, MN,-94.24,46.8,USA
14700,Branson, MO,-93.22,36.7,USA
14720,Breckenridge, CO,-106.12,39.63,USA
14740,Bremerton-Silverdale, WA,-122.67,47.61,USA
14780,Brenham, TX,-96.4,30.21,USA
14820,Brevard, NC,-82.8,35.2,USA
14860,Bridgeport-Stamford-Norwalk, CT,-73.39,41.27,USA
15020,Brookhaven, MS,-90.45,31.53,USA
15060,Brookings, OR,-124.16,42.46,USA
15100,Brookings, SD,-96.79,44.37,USA
15180,Brownsville-Harlingen, TX,-97.53,26.13,USA
15220,Brownwood, TX,-99,31.77,USA
15260,Brunswick, GA,-81.64,31.31,USA
15340,Bucyrus, OH,-82.92,40.85,USA
15380,Buffalo-Cheektowaga-Niagara Falls, NY,-78.74,42.91,USA
15420,Burley, ID,-113.61,42.41,USA
15460,Burlington, IA-IL,-91.06,40.87,USA
15500,Burlington, NC,-79.4,36.04,USA
15540,Burlington-South Burlington, VT,-73.03,44.69,USA
15580,Butte-Silver Bow, MT,-112.66,45.9,USA
15620,Cadillac, MI,-85.34,44.34,USA
15660,Calhoun, GA,-84.88,34.5,USA
15680,California-Lexington Park, MD,-76.61,38.3,USA
15700,Cambridge, MD,-76.02,38.47,USA
15740,Cambridge, OH,-81.49,40.05,USA
15780,Camden, AR,-92.71,33.58,USA
15820,Campbellsville, KY,-85.33,37.37,USA
15860,Canon City, CO,-105.44,38.47,USA
15900,Canton, IL,-90.21,40.47,USA
15940,Canton-Massillon, OH,-81.25,40.72,USA
15980,Cape Coral-Fort Myers, FL,-81.84,26.58,USA
16020,Cape Girardeau, MO-IL,-89.77,37.32,USA
16060,Carbondale-Marion, IL,-89.19,37.76,USA
16100,Carlsbad-Artesia, NM,-104.3,32.47,USA
16180,Carson City, NV,-119.75,39.15,USA
16220,Casper, WY,-106.8,42.96,USA
16260,Cedar City, UT,-113.29,37.86,USA
16300,Cedar Rapids, IA,-91.63,42.09,USA
16340,Cedartown, GA,-85.19,34,USA
16380,Celina, OH,-84.63,40.54,USA
16460,Centralia, IL,-88.92,38.65,USA
16500,Centralia, WA,-122.39,46.58,USA
16540,Chambersburg-Waynesboro, PA,-77.72,39.93,USA
16580,Champaign-Urbana, IL,-88.29,40.23,USA
16620,Charleston, WV,-81.49,38.27,USA
16660,Charleston-Mattoon, IL,-88.23,39.42,USA
16700,Charleston-North Charleston, SC,-80.04,33.04,USA
16740,Charlotte-Concord-Gastonia, NC-SC,-80.87,35.19,USA
16820,Charlottesville, VA,-78.58,37.85,USA
16860,Chattanooga, TN-GA,-85.36,35.05,USA
16940,Cheyenne, WY,-104.69,41.31,USA
16980,Chicago-Naperville-Elgin, IL-IN-WI,-87.96,41.7,USA
17020,Chico, CA,-121.6,39.67,USA
17060,Chillicothe, OH,-83.06,39.34,USA
17140,Cincinnati, OH-KY-IN,-84.43,39.07,USA
17200,Claremont-Lebanon, NH-VT,-72.16,43.78,USA
17220,Clarksburg, WV,-80.43,39.29,USA
17260,Clarksdale, MS,-90.6,34.23,USA
17300,Clarksville, TN-KY,-87.56,36.75,USA
17340,Clearlake, CA,-122.75,39.1,USA
17380,Cleveland, MS,-90.88,33.8,USA
17420,Cleveland, TN,-84.67,35.13,USA
17460,Cleveland-Elyria, OH,-81.68,41.38,USA
17500,Clewiston, FL,-81.17,26.55,USA
17540,Clinton, IA,-90.53,41.9,USA
17580,Clovis, NM,-103.35,34.57,USA
17620,Coamo, PR,-66.36,18.1,USA
17640,Coco, PR,-66.26,18.01,USA
17660,Coeur d'Alene, ID,-116.7,47.67,USA
17700,Coffeyville, KS,-95.74,37.19,USA
17740,Coldwater, MI,-85.06,41.92,USA
17780,College Station-Bryan, TX,-96.49,30.76,USA
17820,Colorado Springs, CO,-104.66,38.84,USA
17860,Columbia, MO,-92.31,38.99,USA
17900,Columbia, SC,-81.04,34.09,USA
17980,Columbus, GA-AL,-84.91,32.44,USA
18020,Columbus, IN,-85.9,39.21,USA
18060,Columbus, MS,-88.44,33.47,USA
18100,Columbus, NE,-97.52,41.57,USA
18140,Columbus, OH,-82.84,39.97,USA
18180,Concord, NH,-71.68,43.3,USA
18220,Connersville, IN,-85.18,39.64,USA
18260,Cookeville, TN,-85.47,36.28,USA
18300,Coos Bay, OR,-124.06,43.17,USA
18380,Cordele, GA,-83.77,31.92,USA
18420,Corinth, MS,-88.58,34.88,USA
18460,Cornelia, GA,-83.53,34.63,USA
18500,Corning, NY,-77.38,42.27,USA
18580,Corpus Christi, TX,-97.49,27.9,USA
18620,Corsicana, TX,-96.47,32.05,USA
18660,Cortland, NY,-76.07,42.6,USA
18700,Corvallis, OR,-123.43,44.49,USA
18740,Coshocton, OH,-81.92,40.3,USA
18780,Craig, CO,-108.21,40.62,USA
18820,Crawfordsville, IN,-86.89,40.04,USA
18860,Crescent City, CA,-123.9,41.74,USA
18880,Crestview-Fort Walton Beach-Destin, FL,-86.37,30.67,USA
18900,Crossville, TN,-85,35.95,USA
18980,Cullman, AL,-86.87,34.13,USA
19000,Cullowhee, NC,-83.14,35.29,USA
19060,Cumberland, MD-WV,-78.8,39.53,USA
19100,Dallas-Fort Worth-Arlington, TX,-97.03,32.82,USA
19140,Dalton, GA,-84.85,34.8,USA
19180,Danville, IL,-87.73,40.18,USA
19220,Danville, KY,-84.73,37.51,USA
19260,Danville, VA,-79.4,36.81,USA
19300,Daphne-Fairhope-Foley, AL,-87.72,30.73,USA
19340,Davenport-Moline-Rock Island, IA-IL,-90.47,41.4,USA
19380,Dayton, OH,-84.14,39.83,USA
19420,Dayton, TN,-84.92,35.61,USA
19460,Decatur, AL,-87.1,34.49,USA
19500,Decatur, IL,-88.96,39.86,USA
19540,Decatur, IN,-84.94,40.75,USA
19580,Defiance, OH,-84.49,41.32,USA
19620,Del Rio, TX,-101.15,29.89,USA
19660,Deltona-Daytona Beach-Ormond Beach, FL,-81.22,29.17,USA
19700,Deming, NM,-107.75,32.18,USA
19740,Denver-Aurora-Lakewood, CO,-104.89,39.43,USA
19760,DeRidder, LA,-93.34,30.65,USA
19780,Des Moines-West Des Moines, IA,-93.94,41.55,USA
19820,Detroit-Warren-Dearborn, MI,-83.23,42.72,USA
19860,Dickinson, ND,-102.66,46.81,USA
19940,Dixon, IL,-89.3,41.75,USA
19980,Dodge City, KS,-99.89,37.69,USA
20020,Dothan, AL,-85.46,31.25,USA
20060,Douglas, GA,-82.85,31.55,USA
20100,Dover, DE,-75.57,39.09,USA
20140,Dublin, GA,-82.85,32.53,USA
20180,DuBois, PA,-78.47,41,USA
20220,Dubuque, IA,-90.88,42.47,USA
20260,Duluth, MN-WI,-92.41,47.33,USA
20300,Dumas, TX,-101.89,35.84,USA
20340,Duncan, OK,-97.85,34.49,USA
20380,Dunn, NC,-78.87,35.37,USA
20420,Durango, CO,-107.84,37.29,USA
20460,Durant, OK,-96.26,33.96,USA
20500,Durham-Chapel Hill, NC,-79.1,35.99,USA
20540,Dyersburg, TN,-89.41,36.06,USA
20580,Eagle Pass, TX,-100.31,28.74,USA
20660,Easton, MD,-76.1,38.77,USA
20700,East Stroudsburg, PA,-75.34,41.06,USA
20740,Eau Claire, WI,-91.28,44.94,USA
20780,Edwards, CO,-106.7,39.63,USA
20820,Effingham, IL,-88.59,39.06,USA
20900,El Campo, TX,-96.22,29.28,USA
20940,El Centro, CA,-115.37,33.04,USA
20980,El Dorado, AR,-92.6,33.17,USA
21020,Elizabeth City, NC,-76.31,36.3,USA
21060,Elizabethtown-Fort Knox, KY,-85.97,37.74,USA
21120,Elk City, OK,-99.68,35.27,USA
21140,Elkhart-Goshen, IN,-85.86,41.6,USA
21180,Elkins, WV,-79.88,38.77,USA
21220,Elko, NV,-115.53,40.92,USA
21260,Ellensburg, WA,-120.68,47.12,USA
21300,Elmira, NY,-76.76,42.14,USA
21340,El Paso, TX,-105.54,31.51,USA
21380,Emporia, KS,-96.15,38.46,USA
21420,Enid, OK,-97.78,36.38,USA
21460,Enterprise, AL,-85.99,31.4,USA
21500,Erie, PA,-80.03,41.99,USA
21540,Escanaba, MI,-86.92,45.92,USA
21580,Espa±ola, NM,-106.69,36.51,USA
21660,Eugene, OR,-122.85,43.94,USA
21700,Eureka-Arcata-Fortuna, CA,-123.88,40.7,USA
21740,Evanston, WY,-110.55,41.29,USA
21780,Evansville, IN-KY,-87.58,37.97,USA
21820,Fairbanks, AK,-146.56,64.81,USA
21840,Fairfield, IA,-91.95,41.03,USA
21900,Fairmont, WV,-80.24,39.51,USA
21980,Fallon, NV,-118.34,39.58,USA
22020,Fargo, ND-MN,-96.97,46.92,USA
22060,Faribault-Northfield, MN,-93.3,44.35,USA
22100,Farmington, MO,-90.47,37.81,USA
22140,Farmington, NM,-108.32,36.51,USA
22180,Fayetteville, NC,-78.98,35.04,USA
22220,Fayetteville-Springdale-Rogers, AR-MO,-94.12,36.2,USA
22260,Fergus Falls, MN,-95.71,46.41,USA
22280,Fernley, NV,-119.19,39.02,USA
22300,Findlay, OH,-83.67,41,USA
22340,Fitzgerald, GA,-83.22,31.76,USA
22380,Flagstaff, AZ,-111.77,35.84,USA
22420,Flint, MI,-83.71,43.02,USA
22500,Florence, SC,-79.81,34.15,USA
22520,Florence-Muscle Shoals, AL,-87.72,34.81,USA
22540,Fond du Lac, WI,-88.49,43.75,USA
22580,Forest City, NC,-81.92,35.4,USA
22620,Forrest City, AR,-90.75,35.02,USA
22660,Fort Collins, CO,-105.46,40.67,USA
22700,Fort Dodge, IA,-94.18,42.43,USA
22780,Fort Leonard Wood, MO,-92.21,37.82,USA
22800,Fort Madison-Keokuk, IA-IL-MO,-91.41,40.47,USA
22820,Fort Morgan, CO,-103.81,40.26,USA
22860,Fort Polk South, LA,-93.18,31.11,USA
22900,Fort Smith, AR-OK,-94.57,35.19,USA
23060,Fort Wayne, IN,-85.22,41.01,USA
23140,Frankfort, IN,-86.48,40.3,USA
23180,Frankfort, KY,-84.93,38.12,USA
23240,Fredericksburg, TX,-98.95,30.32,USA
23300,Freeport, IL,-89.66,42.35,USA
23340,Fremont, NE,-96.65,41.58,USA
23380,Fremont, OH,-83.15,41.36,USA
23420,Fresno, CA,-119.65,36.76,USA
23460,Gadsden, AL,-86.03,34.05,USA
23500,Gaffney, SC,-81.62,35.05,USA
23540,Gainesville, FL,-82.48,29.69,USA
23580,Gainesville, GA,-83.82,34.32,USA
23620,Gainesville, TX,-97.21,33.64,USA
23660,Galesburg, IL,-90.21,40.93,USA
23700,Gallup, NM,-108.26,35.58,USA
23780,Garden City, KS,-100.97,38.03,USA
23820,Gardnerville Ranchos, NV,-119.62,38.91,USA
23860,Georgetown, SC,-79.33,33.43,USA
23900,Gettysburg, PA,-77.22,39.87,USA
23940,Gillette, WY,-105.55,44.25,USA
23980,Glasgow, KY,-85.82,36.97,USA
24020,Glens Falls, NY,-73.65,43.44,USA
24060,Glenwood Springs, CO,-107.66,39.51,USA
24100,Gloversville, NY,-74.42,43.11,USA
24140,Goldsboro, NC,-78,35.36,USA
24220,Grand Forks, ND-MN,-96.84,47.84,USA
24260,Grand Island, NE,-98.28,41.03,USA
24300,Grand Junction, CO,-108.47,39.02,USA
24340,Grand Rapids-Wyoming, MI,-85.49,43,USA
24380,Grants, NM,-108,34.91,USA
24420,Grants Pass, OR,-123.56,42.37,USA
24460,Great Bend, KS,-98.76,38.48,USA
24500,Great Falls, MT,-111.35,47.31,USA
24540,Greeley, CO,-104.39,40.55,USA
24580,Green Bay, WI,-88.08,44.77,USA
24620,Greeneville, TN,-82.85,36.18,USA
24640,Greenfield Town, MA,-72.59,42.58,USA
24660,Greensboro-High Point, NC,-79.79,36.03,USA
24700,Greensburg, IN,-85.5,39.31,USA
24740,Greenville, MS,-90.95,33.28,USA
24780,Greenville, NC,-77.37,35.59,USA
24820,Greenville, OH,-84.62,40.13,USA
24860,Greenville-Anderson-Mauldin, SC,-82.41,34.68,USA
24900,Greenwood, MS,-90.11,33.5,USA
24940,Greenwood, SC,-82.3,34.19,USA
24980,Grenada, MS,-89.8,33.77,USA
25020,Guayama, PR,-66.08,18.02,USA
25060,Gulfport-Biloxi-Pascagoula, MS,-89.02,30.5,USA
25100,Guymon, OK,-101.49,36.75,USA
25180,Hagerstown-Martinsburg, MD-WV,-77.9,39.55,USA
25200,Hailey, ID,-114.2,43.32,USA
25220,Hammond, LA,-90.41,30.63,USA
25260,Hanford-Corcoran, CA,-119.82,36.08,USA
25300,Hannibal, MO,-91.57,39.66,USA
25420,Harrisburg-Carlisle, PA,-77.1,40.33,USA
25460,Harrison, AR,-93.16,36.08,USA
25500,Harrisonburg, VA,-78.88,38.51,USA
25540,Hartford-West Hartford-East Hartford, CT,-72.58,41.73,USA
25580,Hastings, NE,-98.5,40.52,USA
25620,Hattiesburg, MS,-89.23,31.19,USA
25700,Hays, KS,-99.32,38.91,USA
25720,Heber, UT,-111.17,40.33,USA
25740,Helena, MT,-112.3,46.81,USA
25760,Helena-West Helena, AR,-90.85,34.43,USA
25780,Henderson, NC,-78.41,36.36,USA
25820,Hereford, TX,-102.6,34.97,USA
25840,Hermiston-Pendleton, OR,-119.07,45.52,USA
25860,Hickory-Lenoir-Morganton, NC,-81.45,35.81,USA
25880,Hillsdale, MI,-84.59,41.89,USA
25900,Hilo, HI,-155.52,19.6,USA
25940,Hilton Head Island-Bluffton-Beaufort, SC,-80.88,32.41,USA
25980,Hinesville, GA,-81.6,31.8,USA
26020,Hobbs, NM,-103.41,32.79,USA
26090,Holland, MI,-85.89,42.59,USA
26140,Homosassa Springs, FL,-82.48,28.85,USA
26220,Hood River, OR,-121.65,45.52,USA
26300,Hot Springs, AR,-93.15,34.58,USA
26340,Houghton, MI,-88.6,47.16,USA
26380,Houma-Thibodaux, LA,-90.66,29.47,USA
26420,Houston-The Woodlands-Sugar Land, TX,-95.4,29.79,USA
26460,Hudson, NY,-73.63,42.25,USA
26500,Huntingdon, PA,-77.98,40.42,USA
26540,Huntington, IN,-85.49,40.83,USA
26580,Huntington-Ashland, WV-KY-OH,-82.38,38.38,USA
26620,Huntsville, AL,-86.73,34.78,USA
26660,Huntsville, TX,-95.37,30.9,USA
26700,Huron, SD,-98.28,44.41,USA
26740,Hutchinson, KS,-98.09,37.95,USA
26780,Hutchinson, MN,-94.27,44.82,USA
26820,Idaho Falls, ID,-112.43,43.62,USA
26860,Indiana, PA,-79.09,40.65,USA
26900,Indianapolis-Carmel-Anderson, IN,-86.21,39.75,USA
26940,Indianola, MS,-90.59,33.6,USA
26960,Ionia, MI,-85.07,42.95,USA
26980,Iowa City, IA,-91.65,41.51,USA
27020,Iron Mountain, MI-WI,-88.08,45.95,USA
27060,Ithaca, NY,-76.47,42.45,USA
27100,Jackson, MI,-84.42,42.25,USA
27140,Jackson, MS,-90.22,32.32,USA
27160,Jackson, OH,-82.62,39.02,USA
27180,Jackson, TN,-88.85,35.61,USA
27220,Jackson, WY-ID,-110.65,43.92,USA
27260,Jacksonville, FL,-81.79,30.24,USA
27300,Jacksonville, IL,-90.29,39.69,USA
27340,Jacksonville, NC,-77.43,34.73,USA
27380,Jacksonville, TX,-95.17,31.84,USA
27420,Jamestown, ND,-98.96,46.98,USA
27460,Jamestown-Dunkirk-Fredonia, NY,-79.37,42.23,USA
27500,Janesville-Beloit, WI,-89.07,42.67,USA
27540,Jasper, IN,-87.03,38.38,USA
27580,Jayuya, PR,-66.59,18.21,USA
27600,Jefferson, GA,-83.57,34.13,USA
27620,Jefferson City, MO,-92.09,38.64,USA
27700,Jesup, GA,-81.92,31.55,USA
27740,Johnson City, TN,-82.33,36.25,USA
27780,Johnstown, PA,-78.71,40.5,USA
27860,Jonesboro, AR,-90.65,35.7,USA
27900,Joplin, MO,-94.34,37.06,USA
27920,Junction City, KS,-96.75,39,USA
27940,Juneau, AK,-134.18,58.45,USA
27980,Kahului-Wailuku-Lahaina, HI,-156.57,20.86,USA
28020,Kalamazoo-Portage, MI,-85.78,42.25,USA
28060,Kalispell, MT,-114.05,48.3,USA
28100,Kankakee, IL,-87.86,41.14,USA
28140,Kansas City, MO-KS,-94.44,38.94,USA
28180,Kapaa, HI,-159.6,22.04,USA
28260,Kearney, NE,-99.03,40.73,USA
28300,Keene, NH,-72.25,42.92,USA
28340,Kendallville, IN,-85.42,41.4,USA
28380,Kennett, MO,-90.09,36.27,USA
28420,Kennewick-Richland, WA,-119.25,46.36,USA
28500,Kerrville, TX,-99.35,30.06,USA
28540,Ketchikan, AK,-130.93,55.59,USA
28580,Key West, FL,-81.08,25.37,USA
28620,Kill Devil Hills, NC,-76,35.8,USA
28660,Killeen-Temple, TX,-97.79,31.21,USA
28700,Kingsport-Bristol-Bristol, TN-VA,-82.44,36.61,USA
28740,Kingston, NY,-74.26,41.89,USA
28780,Kingsville, TX,-97.72,27.12,USA
28820,Kinston, NC,-77.64,35.24,USA
28860,Kirksville, MO,-92.57,40.29,USA
28900,Klamath Falls, OR,-121.65,42.69,USA
28940,Knoxville, TN,-84.14,36.04,USA
29020,Kokomo, IN,-86.12,40.48,USA
29060,Laconia, NH,-71.42,43.52,USA
29100,La Crosse-Onalaska, WI-MN,-91.32,43.78,USA
29180,Lafayette, LA,-92.06,30.02,USA
29200,Lafayette-West Lafayette, IN,-86.93,40.51,USA
29260,La Grande, OR,-118.01,45.31,USA
29300,LaGrange, GA,-85.03,33.03,USA
29340,Lake Charles, LA,-93.26,30.02,USA
29380,Lake City, FL,-82.62,30.22,USA
29420,Lake Havasu City-Kingman, AZ,-113.76,35.7,USA
29460,Lakeland-Winter Haven, FL,-81.7,27.95,USA
29500,Lamesa, TX,-101.95,32.74,USA
29540,Lancaster, PA,-76.25,40.04,USA
29620,Lansing-East Lansing, MI,-84.61,42.71,USA
29660,Laramie, WY,-105.72,41.65,USA
29700,Laredo, TX,-99.33,27.76,USA
29740,Las Cruces, NM,-106.83,32.35,USA
29780,Las Vegas, NM,-104.82,35.48,USA
29820,Las Vegas-Henderson-Paradise, NV,-115.01,36.22,USA
29860,Laurel, MS,-89.14,31.82,USA
29900,Laurinburg, NC,-79.48,34.84,USA
29940,Lawrence, KS,-95.29,38.88,USA
29980,Lawrenceburg, TN,-87.4,35.22,USA
30020,Lawton, OK,-98.43,34.52,USA
30060,Lebanon, MO,-92.59,37.66,USA
30140,Lebanon, PA,-76.46,40.37,USA
30220,Levelland, TX,-102.34,33.61,USA
30260,Lewisburg, PA,-77.06,40.96,USA
30280,Lewisburg, TN,-86.77,35.47,USA
30300,Lewiston, ID-WA,-116.94,46.27,USA
30340,Lewiston-Auburn, ME,-70.21,44.17,USA
30380,Lewistown, PA,-77.62,40.61,USA
30420,Lexington, NE,-99.82,40.76,USA
30460,Lexington-Fayette, KY,-84.43,38.09,USA
30580,Liberal, KS,-100.85,37.19,USA
30620,Lima, OH,-84.11,40.77,USA
30660,Lincoln, IL,-89.37,40.12,USA
30700,Lincoln, NE,-96.87,40.82,USA
30780,Little Rock-North Little Rock-Conway, AR,-92.4,34.76,USA
30820,Lock Haven, PA,-77.64,41.23,USA
30860,Logan, UT-ID,-111.77,41.89,USA
30880,Logan, WV,-81.94,37.83,USA
30900,Logansport, IN,-86.35,40.76,USA
30940,London, KY,-84.05,36.92,USA
30980,Longview, TX,-94.83,32.37,USA
31020,Longview, WA,-122.68,46.19,USA
31060,Los Alamos, NM,-106.31,35.87,USA
31080,Los Angeles-Long Beach-Anaheim, CA,-118.15,34.22,USA
31140,Louisville/Jefferson County, KY-IN,-85.67,38.34,USA
31180,Lubbock, TX,-101.64,33.47,USA
31220,Ludington, MI,-86.25,44,USA
31260,Lufkin, TX,-94.61,31.25,USA
31300,Lumberton, NC,-79.1,34.64,USA
31340,Lynchburg, VA,-79.22,37.37,USA
31380,Macomb, IL,-90.68,40.46,USA
31420,Macon, GA,-83.71,32.86,USA
31460,Madera, CA,-119.76,37.22,USA
31500,Madison, IN,-85.44,38.79,USA
31540,Madison, WI,-89.59,43.08,USA
31580,Madisonville, KY,-87.54,37.31,USA
31620,Magnolia, AR,-93.23,33.21,USA
31660,Malone, NY,-74.3,44.59,USA
31680,Malvern, AR,-92.95,34.32,USA
31700,Manchester-Nashua, NH,-71.72,42.92,USA
31740,Manhattan, KS,-96.51,39.34,USA
31820,Manitowoc, WI,-87.81,44.12,USA
31860,Mankato-North Mankato, MN,-94.14,44.15,USA
31900,Mansfield, OH,-82.54,40.77,USA
31930,Marietta, OH,-81.5,39.46,USA
31940,Marinette, WI-MI,-87.83,45.47,USA
31980,Marion, IN,-85.65,40.52,USA
32000,Marion, NC,-82.05,35.68,USA
32020,Marion, OH,-83.16,40.59,USA
32100,Marquette, MI,-87.64,46.43,USA
32140,Marshall, MN,-95.84,44.41,USA
32180,Marshall, MO,-93.2,39.14,USA
32220,Marshall, TX,-94.37,32.55,USA
32260,Marshalltown, IA,-93,42.04,USA
32280,Martin, TN,-88.72,36.3,USA
32300,Martinsville, VA,-79.87,36.68,USA
32340,Maryville, MO,-94.88,40.36,USA
32380,Mason City, IA,-93.26,43.2,USA
32420,Mayag?ez, PR,-67.3,18.17,USA
32460,Mayfield, KY,-88.65,36.72,USA
32500,Maysville, KY,-83.82,38.6,USA
32540,McAlester, OK,-95.75,34.92,USA
32580,McAllen-Edinburg-Mission, TX,-98.18,26.4,USA
32620,McComb, MS,-90.66,31.17,USA
32660,McMinnville, TN,-85.78,35.68,USA
32700,McPherson, KS,-97.65,38.39,USA
32740,Meadville, PA,-80.11,41.68,USA
32780,Medford, OR,-122.73,42.43,USA
32820,Memphis, TN-MS-AR,-89.82,35.01,USA
32860,Menomonie, WI,-91.9,44.95,USA
32900,Merced, CA,-120.72,37.19,USA
32940,Meridian, MS,-88.66,32.41,USA
32980,Merrill, WI,-89.73,45.34,USA
33020,Mexico, MO,-91.84,39.22,USA
33060,Miami, OK,-94.81,36.84,USA
33100,Miami-Fort Lauderdale-West Palm Beach, FL,-80.51,26.16,USA
33140,Michigan City-La Porte, IN,-86.74,41.55,USA
33180,Middlesborough, KY,-83.67,36.73,USA
33220,Midland, MI,-84.39,43.65,USA
33260,Midland, TX,-101.99,32.09,USA
33300,Milledgeville, GA,-83.09,33.2,USA
33340,Milwaukee-Waukesha-West Allis, WI,-88.17,43.18,USA
33420,Mineral Wells, TX,-98.31,32.75,USA
33460,Minneapolis-St. Paul-Bloomington, MN-WI,-93.35,45.07,USA
33500,Minot, ND,-101.21,48.32,USA
33540,Missoula, MT,-113.92,47.04,USA
33580,Mitchell, SD,-97.97,43.67,USA
33620,Moberly, MO,-92.5,39.44,USA
33660,Mobile, AL,-88.21,30.79,USA
33700,Modesto, CA,-121,37.56,USA
33740,Monroe, LA,-92.28,32.69,USA
33780,Monroe, MI,-83.54,41.93,USA
33860,Montgomery, AL,-86.4,32.36,USA
33940,Montrose, CO,-108.27,38.4,USA
33980,Morehead City, NC,-76.66,34.84,USA
34020,Morgan City, LA,-91.45,29.72,USA
34060,Morgantown, WV,-79.8,39.53,USA
34100,Morristown, TN,-83.38,36.11,USA
34140,Moscow, ID,-116.71,46.82,USA
34180,Moses Lake, WA,-119.45,47.21,USA
34220,Moultrie, GA,-83.77,31.19,USA
34260,Mountain Home, AR,-92.34,36.29,USA
34300,Mountain Home, ID,-115.47,43.35,USA
34340,Mount Airy, NC,-80.69,36.41,USA
34380,Mount Pleasant, MI,-84.85,43.64,USA
34420,Mount Pleasant, TX,-94.97,33.22,USA
34460,Mount Sterling, KY,-83.75,38.05,USA
34500,Mount Vernon, IL,-88.92,38.3,USA
34540,Mount Vernon, OH,-82.42,40.4,USA
34580,Mount Vernon-Anacortes, WA,-121.73,48.48,USA
34620,Muncie, IN,-85.4,40.23,USA
34660,Murray, KY,-88.27,36.62,USA
34700,Muscatine, IA,-91.11,41.48,USA
34740,Muskegon, MI,-86.15,43.29,USA
34780,Muskogee, OK,-95.38,35.62,USA
34820,Myrtle Beach-Conway-North Myrtle Beach, SC-NC,-78.66,33.99,USA
34860,Nacogdoches, TX,-94.62,31.62,USA
34900,Napa, CA,-122.33,38.51,USA
34940,Naples-Immokalee-Marco Island, FL,-81.34,26.12,USA
34980,Nashville-Davidson--Murfreesboro--Franklin, TN,-86.72,36.09,USA
35020,Natchez, MS-LA,-91.53,31.46,USA
35060,Natchitoches, LA,-93.1,31.72,USA
35100,New Bern, NC,-77.09,35.1,USA
35140,Newberry, SC,-81.6,34.29,USA
35220,New Castle, IN,-85.4,39.93,USA
35260,New Castle, PA,-80.33,40.99,USA
35300,New Haven-Milford, CT,-72.93,41.41,USA
35380,New Orleans-Metairie, LA,-89.95,29.92,USA
35420,New Philadelphia-Dover, OH,-81.47,40.44,USA
35440,Newport, OR,-123.87,44.64,USA
35460,Newport, TN,-83.12,35.93,USA
35500,Newton, IA,-93.05,41.69,USA
35580,New Ulm, MN,-94.73,44.24,USA
35620,New York-Newark-Jersey City, NY-NJ-PA,-74.09,40.92,USA
35660,Niles-Benton Harbor, MI,-86.41,41.95,USA
35700,Nogales, AZ,-110.85,31.53,USA
35740,Norfolk, NE,-97.49,42.04,USA
35820,North Platte, NE,-100.78,41.23,USA
35840,North Port-Sarasota-Bradenton, FL,-82.32,27.35,USA
35860,North Vernon, IN,-85.63,39,USA
35900,North Wilkesboro, NC,-81.16,36.21,USA
35940,Norwalk, OH,-82.6,41.15,USA
35980,Norwich-New London, CT,-72.1,41.49,USA
36020,Oak Harbor, WA,-122.55,48.16,USA
36100,Ocala, FL,-82.06,29.21,USA
36140,Ocean City, NJ,-74.8,39.15,USA
36220,Odessa, TX,-102.54,31.87,USA
36260,Ogden-Clearfield, UT,-112.82,41.43,USA
36300,Ogdensburg-Massena, NY,-75.07,44.5,USA
36340,Oil City, PA,-79.76,41.4,USA
36380,Okeechobee, FL,-80.89,27.39,USA
36420,Oklahoma City, OK,-97.5,35.43,USA
36460,Olean, NY,-78.68,42.25,USA
36500,Olympia-Tumwater, WA,-122.83,46.93,USA
36540,Omaha-Council Bluffs, NE-IA,-96,41.29,USA
36580,Oneonta, NY,-75.03,42.63,USA
36620,Ontario, OR-ID,-117.59,43.23,USA
36660,Opelousas, LA,-92.01,30.6,USA
36700,Orangeburg, SC,-80.8,33.44,USA
36740,Orlando-Kissimmee-Sanford, FL,-81.36,28.43,USA
36780,Oshkosh-Neenah, WI,-88.64,44.07,USA
36820,Oskaloosa, IA,-92.64,41.34,USA
36830,Othello, WA,-118.56,46.98,USA
36840,Ottawa, KS,-95.29,38.56,USA
36860,Ottawa-Peru, IL,-89.17,41.36,USA
36900,Ottumwa, IA,-92.41,40.88,USA
36940,Owatonna, MN,-93.23,44.02,USA
36980,Owensboro, KY,-87.07,37.7,USA
37020,Owosso, MI,-84.15,42.95,USA
37060,Oxford, MS,-89.48,34.36,USA
37080,Oxford, NC,-78.65,36.3,USA
37100,Oxnard-Thousand Oaks-Ventura, CA,-119.08,34.46,USA
37120,Ozark, AL,-85.61,31.43,USA
37140,Paducah, KY-IL,-88.67,37.14,USA
37220,Pahrump, NV,-116.47,38.04,USA
37260,Palatka, FL,-81.74,29.61,USA
37300,Palestine, TX,-95.65,31.81,USA
37340,Palm Bay-Melbourne-Titusville, FL,-80.73,28.29,USA
37420,Pampa, TX,-100.81,35.4,USA
37460,Panama City, FL,-85.47,30.14,USA
37500,Paragould, AR,-90.56,36.12,USA
37540,Paris, TN,-88.3,36.33,USA
37580,Paris, TX,-95.57,33.67,USA
37620,Parkersburg-Vienna, WV,-81.46,39.14,USA
37660,Parsons, KS,-95.3,37.19,USA
37740,Payson, AZ,-110.81,33.8,USA
37780,Pecos, TX,-103.69,31.32,USA
37860,Pensacola-Ferry Pass-Brent, FL,-87.16,30.69,USA
37900,Peoria, IL,-89.52,40.79,USA
37940,Peru, IN,-86.05,40.77,USA
37980,Philadelphia-Camden-Wilmington, PA-NJ-DE-MD,-75.3,39.9,USA
38060,Phoenix-Mesa-Scottsdale, AZ,-112.07,33.19,USA
38100,Picayune, MS,-89.59,30.77,USA
38180,Pierre, SD,-100.37,44.5,USA
38220,Pine Bluff, AR,-91.95,34.08,USA
38240,Pinehurst-Southern Pines, NC,-79.48,35.31,USA
38260,Pittsburg, KS,-94.85,37.51,USA
38300,Pittsburgh, PA,-79.83,40.44,USA
38340,Pittsfield, MA,-73.21,42.37,USA
38380,Plainview, TX,-101.83,34.07,USA
38420,Platteville, WI,-90.71,42.87,USA
38460,Plattsburgh, NY,-73.68,44.75,USA
38500,Plymouth, IN,-86.26,41.32,USA
38540,Pocatello, ID,-112.22,42.67,USA
38580,Point Pleasant, WV-OH,-82.18,38.8,USA
38620,Ponca City, OK,-97.14,36.82,USA
38660,Ponce, PR,-66.68,18.06,USA
38700,Pontiac, IL,-88.56,40.89,USA
38740,Poplar Bluff, MO,-90.41,36.72,USA
38780,Portales, NM,-103.48,34.02,USA
38820,Port Angeles, WA,-123.93,48.05,USA
38840,Port Clinton, OH,-83.14,41.54,USA
38860,Portland-South Portland, ME,-70.47,43.7,USA
38900,Portland-Vancouver-Hillsboro, OR-WA,-122.48,45.6,USA
38920,Port Lavaca, TX,-96.64,28.5,USA
38940,Port St. Lucie, FL,-80.45,27.22,USA
39020,Portsmouth, OH,-82.99,38.8,USA
39060,Pottsville, PA,-76.22,40.71,USA
39140,Prescott, AZ,-112.55,34.6,USA
39220,Price, UT,-110.59,39.65,USA
39260,Prineville, OR,-120.36,44.14,USA
39300,Providence-Warwick, RI-MA,-71.4,41.72,USA
39340,Provo-Orem, UT,-112.35,39.86,USA
39380,Pueblo, CO,-104.51,38.17,USA
39420,Pullman, WA,-117.52,46.9,USA
39460,Punta Gorda, FL,-81.91,26.91,USA
39500,Quincy, IL-MO,-91.39,40.03,USA
39540,Racine, WI,-88.06,42.75,USA
39580,Raleigh, NC,-78.46,35.76,USA
39660,Rapid City, SD,-102.9,44.19,USA
39700,Raymondville, TX,-97.67,26.47,USA
39740,Reading, PA,-75.93,40.42,USA
39780,Red Bluff, CA,-122.23,40.13,USA
39820,Redding, CA,-122.04,40.76,USA
39860,Red Wing, MN,-92.72,44.41,USA
39900,Reno, NV,-119.66,40.62,USA
39940,Rexburg, ID,-111.52,44.14,USA
39980,Richmond, IN,-85.01,39.86,USA
40060,Richmond, VA,-77.47,37.46,USA
40080,Richmond-Berea, KY,-84.29,37.57,USA
40100,Rio Grande City, TX,-98.74,26.56,USA
40140,Riverside-San Bernardino-Ontario, CA,-116.13,34.55,USA
40180,Riverton, WY,-108.63,43.04,USA
40220,Roanoke, VA,-79.95,37.29,USA
40260,Roanoke Rapids, NC,-77.54,36.33,USA
40300,Rochelle, IL,-89.32,42.04,USA
40340,Rochester, MN,-92.34,43.96,USA
40380,Rochester, NY,-77.51,42.97,USA
40420,Rockford, IL,-89.04,42.33,USA
40460,Rockingham, NC,-79.75,35.01,USA
40540,Rock Springs, WY,-108.88,41.66,USA
40580,Rocky Mount, NC,-77.8,35.94,USA
40620,Rolla, MO,-91.79,37.88,USA
40660,Rome, GA,-85.21,34.26,USA
40700,Roseburg, OR,-123.17,43.28,USA
40740,Roswell, NM,-104.47,33.36,USA
40780,Russellville, AR,-93.23,35.21,USA
40820,Ruston, LA,-92.66,32.6,USA
40860,Rutland, VT,-73.04,43.58,USA
40900,Sacramento--Roseville--Arden-Arcade, CA,-121,38.78,USA
40940,Safford, AZ,-109.89,32.93,USA
40980,Saginaw, MI,-84.05,43.34,USA
41060,St. Cloud, MN,-94.47,45.59,USA
41100,St. George, UT,-113.5,37.28,USA
41140,St. Joseph, MO-KS,-94.78,39.83,USA
41180,St. Louis, MO-IL,-90.35,38.74,USA
41220,St. Marys, GA,-81.67,30.93,USA
41400,Salem, OH,-80.78,40.77,USA
41420,Salem, OR,-122.9,44.9,USA
41460,Salina, KS,-97.65,38.96,USA
41500,Salinas, CA,-121.24,36.22,USA
41540,Salisbury, MD-DE,-75.47,38.41,USA
41620,Salt Lake City, UT,-113.01,40.47,USA
41660,San Angelo, TX,-100.67,31.36,USA
41700,San Antonio-New Braunfels, TX,-98.6,29.43,USA
41740,San Diego-Carlsbad, CA,-116.74,33.03,USA
41760,Sandpoint, ID,-116.6,48.3,USA
41780,Sandusky, OH,-82.62,41.36,USA
41820,Sanford, NC,-79.17,35.48,USA
41860,San Francisco-Oakland-Hayward, CA,-122.17,37.78,USA
41900,San Germ?, PR,-67.06,18.06,USA
41940,San Jose-Sunnyvale-Santa Clara, CA,-121.38,36.91,USA
41980,San Juan-Carolina-Caguas, PR,-66.11,18.28,USA
42020,San Luis Obispo-Paso Robles-Arroyo Grande, CA,-120.4,35.39,USA
42100,Santa Cruz-Watsonville, CA,-122,37.06,USA
42140,Santa Fe, NM,-105.98,35.51,USA
42180,Santa Isabel, PR,-66.39,18,USA
42200,Santa Maria-Santa Barbara, CA,-120.02,34.67,USA
42220,Santa Rosa, CA,-122.89,38.53,USA
42300,Sault Ste. Marie, MI,-84.57,46.3,USA
42340,Savannah, GA,-81.3,32.13,USA
42380,Sayre, PA,-76.52,41.79,USA
42420,Scottsbluff, NE,-103.74,42.16,USA
42460,Scottsboro, AL,-86,34.78,USA
42540,Scranton--Wilkes-Barre--Hazleton, PA,-75.9,41.32,USA
42620,Searcy, AR,-91.75,35.26,USA
42660,Seattle-Tacoma-Bellevue, WA,-121.85,47.56,USA
42680,Sebastian-Vero Beach, FL,-80.61,27.69,USA
42700,Sebring, FL,-81.34,27.34,USA
42740,Sedalia, MO,-93.29,38.73,USA
42780,Selinsgrove, PA,-77.07,40.77,USA
42820,Selma, AL,-87.11,32.33,USA
42860,Seneca, SC,-83.07,34.75,USA
42900,Seneca Falls, NY,-76.82,42.78,USA
42940,Sevierville, TN,-83.52,35.78,USA
42980,Seymour, IN,-86.04,38.91,USA
43020,Shawano, WI,-88.75,44.85,USA
43060,Shawnee, OK,-96.95,35.21,USA
43100,Sheboygan, WI,-87.95,43.72,USA
43140,Shelby, NC,-81.56,35.33,USA
43180,Shelbyville, TN,-86.46,35.51,USA
43220,Shelton, WA,-123.19,47.35,USA
43260,Sheridan, WY,-106.88,44.79,USA
43300,Sherman-Denison, TX,-96.68,33.63,USA
43320,Show Low, AZ,-110.32,35.4,USA
43340,Shreveport-Bossier City, LA,-93.67,32.49,USA
43380,Sidney, OH,-84.2,40.33,USA
43420,Sierra Vista-Douglas, AZ,-109.75,31.88,USA
43460,Sikeston, MO,-89.57,37.05,USA
43500,Silver City, NM,-108.38,32.74,USA
43580,Sioux City, IA-NE-SD,-96.37,42.58,USA
43620,Sioux Falls, SD,-96.99,43.5,USA
43660,Snyder, TX,-100.92,32.75,USA
43700,Somerset, KY,-84.58,37.1,USA
43740,Somerset, PA,-79.03,39.97,USA
43760,Sonora, CA,-119.95,38.03,USA
43780,South Bend-Mishawaka, IN-MI,-86.13,41.77,USA
43900,Spartanburg, SC,-81.85,34.84,USA
43940,Spearfish, SD,-103.79,44.36,USA
43980,Spencer, IA,-95.15,43.08,USA
44020,Spirit Lake, IA,-95.15,43.38,USA
44060,Spokane-Spokane Valley, WA,-117.57,48.19,USA
44100,Springfield, IL,-89.7,39.83,USA
44140,Springfield, MA,-72.65,42.23,USA
44180,Springfield, MO,-93.18,37.36,USA
44220,Springfield, OH,-83.78,39.92,USA
44260,Starkville, MS,-88.88,33.42,USA
44300,State College, PA,-77.82,40.92,USA
44340,Statesboro, GA,-81.74,32.4,USA
44420,Staunton-Waynesboro, VA,-79.13,38.16,USA
44460,Steamboat Springs, CO,-106.99,40.49,USA
44500,Stephenville, TX,-98.22,32.24,USA
44540,Sterling, CO,-103.11,40.72,USA
44580,Sterling, IL,-89.91,41.76,USA
44620,Stevens Point, WI,-89.5,44.48,USA
44660,Stillwater, OK,-96.98,36.08,USA
44700,Stockton-Lodi, CA,-121.27,37.93,USA
44740,Storm Lake, IA,-95.15,42.74,USA
44780,Sturgis, MI,-85.53,41.91,USA
44860,Sulphur Springs, TX,-95.56,33.15,USA
44900,Summerville, GA,-85.35,34.48,USA
44920,Summit Park, UT,-110.96,40.87,USA
44940,Sumter, SC,-80.38,33.92,USA
44980,Sunbury, PA,-76.71,40.85,USA
45000,Susanville, CA,-120.59,40.67,USA
45020,Sweetwater, TX,-100.41,32.3,USA
45060,Syracuse, NY,-76.03,43.15,USA
45140,Tahlequah, OK,-95,35.91,USA
45180,Talladega-Sylacauga, AL,-86.2,33.17,USA
45220,Tallahassee, FL,-84.29,30.41,USA
45300,Tampa-St. Petersburg-Clearwater, FL,-82.41,28.15,USA
45340,Taos, NM,-105.63,36.58,USA
45380,Taylorville, IL,-89.28,39.55,USA
45460,Terre Haute, IN,-87.34,39.39,USA
45500,Texarkana, TX-AR,-94.21,33.47,USA
45520,The Dalles, OR,-121.17,45.16,USA
45540,The Villages, FL,-82.08,28.7,USA
45580,Thomaston, GA,-84.3,32.88,USA
45620,Thomasville, GA,-83.92,30.86,USA
45660,Tiffin, OH,-83.13,41.12,USA
45700,Tifton, GA,-83.53,31.46,USA
45740,Toccoa, GA,-83.29,34.55,USA
45780,Toledo, OH,-83.78,41.5,USA
45820,Topeka, KS,-95.8,39.04,USA
45860,Torrington, CT,-73.25,41.79,USA
45900,Traverse City, MI,-85.55,44.73,USA
45940,Trenton, NJ,-74.7,40.28,USA
45980,Troy, AL,-85.94,31.8,USA
46020,Truckee-Grass Valley, CA,-120.77,39.3,USA
46060,Tucson, AZ,-111.79,32.1,USA
46100,Tullahoma-Manchester, TN,-86.12,35.3,USA
46140,Tulsa, OK,-96.17,36.25,USA
46180,Tupelo, MS,-88.68,34.26,USA
46220,Tuscaloosa, AL,-87.72,33.17,USA
46300,Twin Falls, ID,-114.57,42.44,USA
46340,Tyler, TX,-95.27,32.38,USA
46380,Ukiah, CA,-123.39,39.44,USA
46460,Union City, TN-KY,-89.16,36.42,USA
46500,Urbana, OH,-83.77,40.14,USA
46520,Urban Honolulu, HI,-158.11,21.5,USA
46540,Utica-Rome, NY,-75.18,43.34,USA
46620,Uvalde, TX,-99.76,29.36,USA
46660,Valdosta, GA,-83.24,30.83,USA
46700,Vallejo-Fairfield, CA,-121.93,38.27,USA
46740,Valley, AL,-85.39,32.91,USA
46780,Van Wert, OH,-84.59,40.86,USA
46820,Vermillion, SD,-96.98,42.91,USA
46860,Vernal, UT,-109.52,40.12,USA
46900,Vernon, TX,-99.24,34.08,USA
46980,Vicksburg, MS,-90.88,32.19,USA
47020,Victoria, TX,-97.2,28.73,USA
47080,Vidalia, GA,-82.41,32.14,USA
47180,Vincennes, IN,-87.42,38.69,USA
47220,Vineland-Bridgeton, NJ,-75.11,39.37,USA
47240,Vineyard Haven, MA,-70.65,41.4,USA
47260,Virginia Beach-Norfolk-Newport News, VA-NC,-76.45,36.84,USA
47300,Visalia-Porterville, CA,-118.8,36.22,USA
47340,Wabash, IN,-85.79,40.85,USA
47380,Waco, TX,-97.09,31.43,USA
47420,Wahpeton, ND-MN,-96.78,46.3,USA
47460,Walla Walla, WA,-118.25,46.26,USA
47540,Wapakoneta, OH,-84.22,40.56,USA
47580,Warner Robins, GA,-83.64,32.41,USA
47620,Warren, PA,-79.27,41.81,USA
47660,Warrensburg, MO,-93.81,38.74,USA
47700,Warsaw, IN,-85.86,41.24,USA
47780,Washington, IN,-87.07,38.7,USA
47820,Washington, NC,-76.86,35.49,USA
47900,Washington-Arlington-Alexandria, DC-VA-MD-WV,-77.47,38.83,USA
47920,Washington Court House, OH,-83.46,39.56,USA
47940,Waterloo-Cedar Falls, IA,-92.47,42.54,USA
47980,Watertown, SD,-97.19,44.98,USA
48020,Watertown-Fort Atkinson, WI,-88.78,43.02,USA
48060,Watertown-Fort Drum, NY,-75.92,44.05,USA
48100,Wauchula, FL,-81.81,27.49,USA
48140,Wausau, WI,-89.76,44.9,USA
48180,Waycross, GA,-82.37,31.14,USA
48220,Weatherford, OK,-99,35.64,USA
48260,Weirton-Steubenville, WV-OH,-80.7,40.39,USA
48300,Wenatchee, WA,-120.27,47.82,USA
48460,West Plains, MO,-91.89,36.77,USA
48540,Wheeling, WV-OH,-80.84,39.97,USA
48580,Whitewater-Elkhorn, WI,-88.54,42.67,USA
48620,Wichita, KS,-97.4,37.63,USA
48660,Wichita Falls, TX,-98.49,33.77,USA
48700,Williamsport, PA,-77.06,41.34,USA
48780,Williston, ND,-103.48,48.34,USA
48820,Willmar, MN,-95,45.15,USA
48900,Wilmington, NC,-77.9,34.47,USA
48940,Wilmington, OH,-83.81,39.41,USA
48980,Wilson, NC,-77.92,35.71,USA
49020,Winchester, VA-WV,-78.47,39.27,USA
49080,Winnemucca, NV,-118.11,41.41,USA
49100,Winona, MN,-91.78,43.99,USA
49180,Winston-Salem, NC,-80.35,36.08,USA
49220,Wisconsin Rapids-Marshfield, WI,-90.04,44.46,USA
49260,Woodward, OK,-99.27,36.42,USA
49300,Wooster, OH,-81.89,40.83,USA
49340,Worcester, MA-CT,-71.93,42.22,USA
49380,Worthington, MN,-95.75,43.67,USA
49420,Yakima, WA,-120.74,46.46,USA
49460,Yankton, SD,-97.39,43.01,USA
49620,York-Hanover, PA,-76.73,39.92,USA
49660,Youngstown-Warren-Boardman, OH-PA,-80.57,41.24,USA
49700,Yuba City, CA,-121.52,39.16,USA
49740,Yuma, AZ,-113.91,32.77,USA
49780,Zanesville, OH,-81.94,39.97,USA
49820,Zapata, TX,-99.17,27,USA
143,Cocos (Keeling) Islands,ANTARCTICA,96.856,-12.172,CCK
144,Bouvet Island,ANTARCTICA,3.412,-54.422,BVT
145,French Southern and Antarctic Lands,ANTARCTICA,68.763,-49.055,ATF
146,Heard Island and McDonald Islands,ANTARCTICA,73.497,-53.091,HMD
147,British Indian Ocean Territory,ANTARCTICA,72.29,-7.081,IOT
148,Christmas Island,ANTARCTICA,105.704,-10.444,CXR
149,United States Minor Outlying Islands,ANTARCTICA,-28.542,15.917,UMI
241,South Georgia South Sandwich Islands,ANTARCTICA,-35.928,-54.658,SGS
242,Taiwan,ASIA,120.946,23.754,TWN
2,Algeria,AFRICA,2.632,28.163,DZA
6,Angola,AFRICA,17.544,-12.296,AGO
19,Benin,AFRICA,2.343,9.648,BEN
27,Congo,AFRICA,15.224,-0.84,COG
28,Democratic Republic of the Congo,AFRICA,23.654,-2.876,COD
29,Burundi,AFRICA,29.887,-3.356,BDI
35,Cameroon,AFRICA,12.743,5.686,CMR
36,Chad,AFRICA,18.665,15.361,TCD
37,Comoros,AFRICA,43.676,-11.893,COM
40,Central African Republic,AFRICA,20.483,6.571,CAF
42,Cape Verde,AFRICA,-24.103,15.987,CPV
46,Djibouti,AFRICA,42.578,11.75,DJI
50,Egypt,AFRICA,29.872,26.494,EGY
52,Equatorial Guinea,AFRICA,10.338,1.71,GNQ
54,Eritrea,AFRICA,38.853,15.359,ERI
56,Ethiopia,AFRICA,39.616,8.626,ETH
66,Gambia,AFRICA,-15.386,13.453,GMB
67,Gabon,AFRICA,11.797,-0.591,GAB
69,Ghana,AFRICA,-1.207,7.96,GHA
75,Guinea,AFRICA,-10.942,10.439,GIN
86,Cote d'Ivoire,AFRICA,-5.556,7.632,CIV
91,Kenya,AFRICA,37.858,0.53,KEN
103,Liberia,AFRICA,-9.308,6.448,LBR
106,Libyan Arab Jamahiriya,AFRICA,18.023,27.044,LBY
107,Madagascar,AFRICA,46.706,-19.374,MDG
112,Mali,AFRICA,-3.524,17.35,MLI
113,Morocco,AFRICA,-6.318,31.884,MAR
114,Mauritius,AFRICA,57.868,-20.17,MUS
115,Mauritania,AFRICA,-10.332,20.26,MRT
121,Mozambique,AFRICA,35.552,-17.26,MOZ
122,Malawi,AFRICA,34.307,-13.215,MWI
125,Niger,AFRICA,9.398,17.426,NER
140,Mayotte,AFRICA,45.139,-12.818,MYT
151,Nigeria,AFRICA,8.105,9.594,NGA
166,Guinea-Bissau,AFRICA,-14.987,12.016,GNB
168,Reunion,AFRICA,55.538,-21.122,REU
174,Rwanda,AFRICA,29.917,-1.998,RWA
177,Seychelles,AFRICA,52.23,-6.399,SYC
178,South Africa,AFRICA,25.093,-29,ZAF
179,Lesotho,AFRICA,28.243,-29.581,LSO
180,Botswana,AFRICA,23.815,-22.182,BWA
181,Senegal,AFRICA,-14.468,14.367,SEN
183,Sierra Leone,AFRICA,-11.792,8.56,SLE
185,Somalia,AFRICA,45.863,6.064,SOM
188,Sudan,AFRICA,30.05,13.832,SDN
197,Togo,AFRICA,0.976,8.535,TGO
198,Sao Tome and Principe,AFRICA,6.737,0.458,STP
199,Tunisia,AFRICA,9.562,34.111,TUN
203,United Republic of Tanzania,AFRICA,34.823,-6.27,TZA
204,Uganda,AFRICA,32.386,1.28,UGA
207,Burkina Faso,AFRICA,-1.74,12.278,BFA
215,Namibia,AFRICA,17.218,-22.133,NAM
218,Swaziland,AFRICA,31.497,-26.562,SWZ
220,Zambia,AFRICA,27.798,-13.453,ZMB
221,Zimbabwe,AFRICA,29.872,-19,ZWE
231,Saint Helena,AFRICA,-10.206,-25.073,SHN
234,Western Sahara,AFRICA,-13.137,24.662,ESH
7,American Samoa,AUSTRALIA,-170.402,-14.286,ASM
9,Australia,AUSTRALIA,134.491,-25.733,AUS
20,Solomon Islands,AUSTRALIA,159.613,-8.904,SLB
43,Cook Islands,AUSTRALIA,-159.118,-18.925,COK
61,Fiji,AUSTRALIA,160.792,-17.464,FJI
63,"Micronesia, Federated States of",AUSTRALIA,154.828,7.096,FSM
64,French Polynesia,AUSTRALIA,-145.53,-15.098,PYF
72,Guam,AUSTRALIA,144.776,13.444,GUM
94,Kiribati,AUSTRALIA,-28.963,0.154,KIR
123,New Caledonia,AUSTRALIA,165.672,-21.295,NCL
124,Niue,AUSTRALIA,-169.869,-19.052,NIU
130,Northern Mariana Islands,AUSTRALIA,145.588,16.256,MNP
142,Norfolk Island,AUSTRALIA,167.953,-29.037,NFK
150,Vanuatu,AUSTRALIA,167.706,-16.202,VUT
155,Nauru,AUSTRALIA,166.93,-0.522,NRU
158,New Zealand,AUSTRALIA,171.604,-41.837,NZL
165,Papua New Guinea,AUSTRALIA,145.254,-6.476,PNG
195,Tokelau,AUSTRALIA,-171.832,-9.087,TKL
196,Tonga,AUSTRALIA,-174.825,-19.982,TON
201,Tuvalu,AUSTRALIA,178.201,-7.587,TUV
216,Wallis and Futuna Islands,AUSTRALIA,-177.144,-13.784,WLF
217,Samoa,AUSTRALIA,-172.159,-13.758,WSM
227,Pitcairn Islands,AUSTRALIA,-128.443,-24.506,PCN
228,Palau,AUSTRALIA,134.484,7.388,PLW
229,Marshall Islands,AUSTRALIA,168.61,8.422,MHL
1,Antigua and Barbuda,NORTH AMERICA,-61.791,17.28,ATG
8,Argentina,SOUTH AMERICA,-65.167,-35.377,ARG
11,Barbados,NORTH AMERICA,-59.562,13.179,BRB
12,Bermuda,NORTH AMERICA,-64.756,32.313,BMU
13,Bahamas,NORTH AMERICA,-76.5,24.167,BHS
15,Belize,NORTH AMERICA,-88.683,17.219,BLZ
17,Bolivia,SOUTH AMERICA,-64.671,-16.715,BOL
21,Brazil,SOUTH AMERICA,-53.089,-10.772,BRA
24,Canada,NORTH AMERICA,-98.261,61.393,CAN
33,Chile,SOUTH AMERICA,-71.38,-37.868,CHL
34,Cayman Islands,NORTH AMERICA,-80.829,19.432,CYM
38,Colombia,SOUTH AMERICA,-73.076,3.9,COL
39,Costa Rica,NORTH AMERICA,-84.189,9.971,CRI
41,Cuba,NORTH AMERICA,-79.038,21.621,CUB
47,Dominica,NORTH AMERICA,-61.355,15.437,DMA
48,Dominican Republic,NORTH AMERICA,-70.485,18.893,DOM
49,Ecuador,SOUTH AMERICA,-78.781,-1.425,ECU
55,El Salvador,NORTH AMERICA,-88.866,13.736,SLV
59,French Guiana,SOUTH AMERICA,-53.241,3.924,GUF
62,Falkland Islands (Malvinas),SOUTH AMERICA,-59.372,-51.74,FLK
70,Grenada,NORTH AMERICA,-61.65,12.163,GRD
74,Guatemala,NORTH AMERICA,-90.357,15.702,GTM
76,Guyana,SOUTH AMERICA,-58.974,4.792,GUY
77,Haiti,NORTH AMERICA,-72.684,18.939,HTI
78,Honduras,NORTH AMERICA,-86.62,14.819,HND
89,Jamaica,NORTH AMERICA,-77.32,18.151,JAM
108,Martinique,NORTH AMERICA,-61.021,14.653,MTQ
110,Montserrat,NORTH AMERICA,-62.187,16.736,MSR
119,Mexico,NORTH AMERICA,-102.535,23.951,MEX
126,Aruba,NORTH AMERICA,-69.977,12.517,ABW
127,Anguilla,NORTH AMERICA,-63.058,18.224,AIA
156,Suriname,SOUTH AMERICA,-55.912,4.127,SUR
157,Nicaragua,NORTH AMERICA,-85.034,12.84,NIC
159,Paraguay,SOUTH AMERICA,-58.391,-23.236,PRY
160,Peru,SOUTH AMERICA,-74.375,-9.164,PER
163,Panama,NORTH AMERICA,-80.109,8.505,PAN
172,Puerto Rico,NORTH AMERICA,-66.466,18.221,PRI
176,Saint Kitts and Nevis,NORTH AMERICA,-62.696,17.266,KNA
187,Saint Lucia,NORTH AMERICA,-60.969,13.898,LCA
192,Trinidad and Tobago,SOUTH AMERICA,-61.253,10.468,TTO
208,Uruguay,SOUTH AMERICA,-56.012,-32.8,URY
210,Saint Vincent and the Grenadines,NORTH AMERICA,-61.208,13.202,VCT
211,Venezuela,SOUTH AMERICA,-66.166,7.125,VEN
212,British Virgin Islands,NORTH AMERICA,-64.482,18.51,VGB
214,United States Virgin Islands,NORTH AMERICA,-64.787,17.968,VIR
223,Guadeloupe,NORTH AMERICA,-61.553,16.235,GLP
224,Netherlands Antilles,NORTH AMERICA,-68.494,12.372,ANT
230,Saint Pierre and Miquelon,NORTH AMERICA,-56.305,46.929,SPM
233,Turks and Caicos Islands,NORTH AMERICA,-71.882,21.809,TCA
237,Saint Martin,NORTH AMERICA,-63.065,18.088,MAF
238,Saint Barthelemy,NORTH AMERICA,-63.062,18.047,BLM
3,Azerbaijan,ASIA,47.532,40.292,AZE
5,Armenia,ASIA,44.948,40.286,ARM
10,Bahrain,ASIA,50.562,26.019,BHR
14,Bangladesh,ASIA,90.271,23.833,BGD
18,Burma,ASIA,96.509,21.14,MMR
23,Brunei Darussalam,ASIA,114.761,4.521,BRN
25,Cambodia,ASIA,104.921,12.714,KHM
26,Sri Lanka,ASIA,80.704,7.612,LKA
30,China,ASIA,103.835,36.563,CHN
31,Afghanistan,ASIA,66.027,33.839,AFG
32,Bhutan,ASIA,90.429,27.415,BTN
44,Cyprus,ASIA,33.219,35.043,CYP
68,Georgia,ASIA,43.518,42.176,GEO
82,India,ASIA,79.619,22.881,IND
83,Iran (Islamic Republic of),ASIA,54.301,32.565,IRN
84,Israel,ASIA,34.966,31.358,ISR
87,Iraq,ASIA,43.772,33.048,IRQ
88,Japan,ASIA,137.974,37.54,JPN
90,Jordan,ASIA,36.787,31.253,JOR
92,Kyrgyzstan,ASIA,74.555,41.465,KGZ
93,"Korea, Democratic People's Republic of",ASIA,127.181,40.143,PRK
95,"Korea, Republic of",ASIA,127.829,36.368,KOR
96,Kuwait,ASIA,47.594,29.343,KWT
97,Kazakhstan,ASIA,67.301,48.16,KAZ
98,Lao People's Democratic Republic,ASIA,103.763,18.502,LAO
99,Lebanon,ASIA,35.888,33.92,LBN
109,Mongolia,ASIA,103.083,46.835,MNG
117,Oman,ASIA,56.11,20.602,OMN
118,Maldives,ASIA,73.252,3.375,MDV
120,Malaysia,ASIA,109.712,3.794,MYS
129,Hong Kong,ASIA,114.112,22.377,HKG
136,Macau,ASIA,113.545,22.2,MAC
138,Palestine,ASIA,35.204,31.914,PSE
154,Nepal,ASIA,83.939,28.253,NPL
161,Pakistan,ASIA,69.386,29.967,PAK
167,Qatar,ASIA,51.191,25.316,QAT
171,Philippines,ASIA,122.874,11.747,PHL
175,Saudi Arabia,ASIA,44.585,24.023,SAU
184,Singapore,ASIA,103.808,1.351,SGP
190,Syrian Arab Republic,ASIA,38.506,35.013,SYR
193,Thailand,ASIA,101.015,15.12,THA
194,Tajikistan,ASIA,71.042,38.528,TJK
200,Turkey,ASIA,35.179,39.061,TUR
202,Turkmenistan,ASIA,59.384,39.122,TKM
209,Uzbekistan,ASIA,63.17,41.75,UZB
213,Viet Nam,ASIA,106.304,16.652,VNM
219,Yemen,ASIA,47.625,15.807,YEM
222,Indonesia,ASIA,117.312,-2.23,IDN
225,United Arab Emirates,ASIA,54.332,23.913,ARE
226,Timor-Leste,ASIA,125.878,-8.822,TLS
4,Albania,EURPOE,20.068,41.143,ALB
16,Bosnia and Herzegovina,EURPOE,17.786,44.169,BIH
22,Bulgaria,EURPOE,25.231,42.761,BGR
45,Denmark,EURPOE,10.051,55.962,DNK
51,Ireland,EURPOE,-8.152,53.177,IRL
53,Estonia,EURPOE,25.526,58.674,EST
57,Austria,EURPOE,14.14,47.593,AUT
58,Czech Republic,EURPOE,15.338,49.743,CZE
60,Finland,EURPOE,26.272,64.504,FIN
65,France,EURPOE,2.55,46.565,FRA
71,Germany,EURPOE,10.392,51.11,DEU
73,Greece,EURPOE,22.988,39.045,GRC
79,Croatia,EURPOE,16.407,45.044,HRV
80,Hungary,EURPOE,19.414,47.167,HUN
81,Iceland,EURPOE,-18.606,64.998,ISL
85,Italy,EURPOE,12.072,42.791,ITA
100,Latvia,EURPOE,24.929,56.858,LVA
101,Belarus,EURPOE,28.047,53.54,BLR
102,Lithuania,EURPOE,23.897,55.336,LTU
104,Slovakia,EURPOE,19.491,48.707,SVK
105,Liechtenstein,EURPOE,9.555,47.153,LIE
111,The former Yugoslav Republic of Macedonia,EURPOE,21.698,41.6,MKD
116,Malta,EURPOE,14.405,35.92,MLT
128,Belgium,EURPOE,4.664,50.643,BEL
131,Faroe Islands,EURPOE,-6.864,62.05,FRO
132,Andorra,EURPOE,1.576,42.549,AND
133,Gibraltar,EURPOE,-5.345,36.138,GIB
134,Isle of Man,EURPOE,-4.527,54.229,IMN
135,Luxembourg,EURPOE,6.088,49.771,LUX
137,Monaco,EURPOE,7.412,43.75,MCO
139,Montenegro,EURPOE,19.254,42.792,MNE
141,?land Islands,EURPOE,19.952,60.198,ALA
152,Netherlands,EURPOE,5.601,52.254,NLD
153,Norway,EURPOE,14.075,64.448,NOR
162,Poland,EURPOE,19.401,52.125,POL
164,Portugal,EURPOE,-8.467,39.603,PRT
169,Romania,EURPOE,24.969,45.844,ROU
170,Republic of Moldova,EURPOE,28.474,47.193,MDA
173,Russia,ASIA,96.689,61.988,RUS
182,Slovenia,EURPOE,14.827,46.124,SVN
186,Spain,EURPOE,-3.649,40.227,ESP
189,Sweden,EURPOE,16.741,62.788,SWE
191,Switzerland,EURPOE,8.235,46.803,CHE
205,United Kingdom,EURPOE,-2.9,54.16,GBR
206,Ukraine,EURPOE,31.388,49.016,UKR
232,San Marino,EURPOE,12.46,43.942,SMR
235,Serbia,EURPOE,20.806,44.032,SRB
236,Holy See (Vatican City),EURPOE,12.451,41.904,VAT
239,Guernsey,EURPOE,-2.576,49.459,GGY
240,Jersey,EURPOE,-2.129,49.219,JEY
